{
  "train": {
    "f1": 0.9201761201761202,
    "accuracy": 0.9459459459459459
  }
}
